﻿<?xml version="1.0" encoding="utf-8"?>
<OrleansConfiguration xmlns="urn:orleans">
  <Globals>
    <StorageProviders>
      <Provider Type="Orleans.Storage.MemoryStorage" Name="MemoryStore" />
      <!-- To use Azure storage, uncomment one of the following lines: -->
      <!--<Provider Type="Orleans.Storage.AzureTableStorage" Name="AzureStore" DataConnectionString="UseDevelopmentStorage=true" />-->
      <!--<Provider Type="Orleans.Storage.AzureTableStorage" Name="AzureStore" DataConnectionString="DefaultEndpointsProtocol=https;AccountName=MYACCOUNTNAME;AccountKey=MYACCOUNTKEY" />-->
    </StorageProviders>
    <SeedNode Address="localhost" Port="22222" />
  </Globals>
  <Defaults>
    <Networking Address="localhost" Port="22222" />
    <ProxyingGateway Address="localhost" Port="40000" />
    <Tracing DefaultTraceLevel="Info" TraceToConsole="true" TraceToFile="{0}-{1}.log" BulkMessageLimit="1000">
        <TraceLevelOverride LogPrefix="Application" TraceLevel="Info" />
    </Tracing>
    <Statistics MetricsTableWriteInterval="30s" PerfCounterWriteInterval="30s" LogWriteInterval="300s" WriteLogStatisticsToTable="true" StatisticsCollectionLevel="Info"/>
  </Defaults>
</OrleansConfiguration>
